{
  "best_auprc": 0.9675858072049038,
  "total_samples": 7676,
  "train_samples": 6140,
  "val_samples": 1536,
  "unique_stars": 1919,
  "epochs_trained": 11,
  "pos_weight": 0.3333333432674408
}